<?xml version="1.0" encoding="UTF-8"?>
<root>
  <item name="com.tencent.qcloud.uikit.common.component.picture.internal.entity.IncapableCause IncapableCause(int, java.lang.String) 0">
    <annotation name="android.support.annotation.IntDef">
      <val name="value" val="{com.tencent.qcloud.uikit.common.component.picture.internal.entity.IncapableCause.TOAST, com.tencent.qcloud.uikit.common.component.picture.internal.entity.IncapableCause.DIALOG, com.tencent.qcloud.uikit.common.component.picture.internal.entity.IncapableCause.NONE}" />
    </annotation>
  </item>
  <item name="com.tencent.qcloud.uikit.common.component.picture.internal.entity.IncapableCause IncapableCause(int, java.lang.String, java.lang.String) 0">
    <annotation name="android.support.annotation.IntDef">
      <val name="value" val="{com.tencent.qcloud.uikit.common.component.picture.internal.entity.IncapableCause.TOAST, com.tencent.qcloud.uikit.common.component.picture.internal.entity.IncapableCause.DIALOG, com.tencent.qcloud.uikit.common.component.picture.internal.entity.IncapableCause.NONE}" />
    </annotation>
  </item>
  <item name="com.tencent.qcloud.uikit.common.component.picture.internal.entity.IncapableCause.Form">
    <annotation name="android.support.annotation.IntDef">
      <val name="value" val="{com.tencent.qcloud.uikit.common.component.picture.internal.entity.IncapableCause.TOAST, com.tencent.qcloud.uikit.common.component.picture.internal.entity.IncapableCause.DIALOG, com.tencent.qcloud.uikit.common.component.picture.internal.entity.IncapableCause.NONE}" />
    </annotation>
  </item>
</root>

